"Date","Price","Open","High","Low","Vol.","Change %"
"Jul 29, 2022","1,232.00","1,243.17","1,243.17","1,232.00","142.29K","-0.33%"
"Jul 28, 2022","1,236.14","1,228.73","1,240.65","1,226.95","180.06K","1.37%"
"Jul 27, 2022","1,219.43","1,218.13","1,219.43","1,211.42","95.58K","0.08%"
"Jul 26, 2022","1,218.49","1,221.43","1,227.10","1,218.11","93.44K","-0.34%"
"Jul 25, 2022","1,222.60","1,228.11","1,231.84","1,219.61","94.34K","-0.51%"
"Jul 22, 2022","1,228.84","1,238.46","1,241.65","1,228.84","106.14K","-0.52%"
"Jul 21, 2022","1,235.25","1,227.31","1,240.91","1,226.88","127.72K","0.79%"
"Jul 20, 2022","1,225.62","1,220.25","1,229.62","1,217.45","123.38K","1.15%"
"Jul 19, 2022","1,211.70","1,213.55","1,213.64","1,204.61","100.59K","-0.21%"
"Jul 18, 2022","1,214.28","1,225.40","1,225.69","1,213.28","104.04K","-0.48%"
"Jul 15, 2022","1,220.14","1,224.15","1,228.48","1,217.21","147.67K","-0.15%"
"Jul 14, 2022","1,221.94","1,213.73","1,224.01","1,211.14","106.76K","0.41%"
"Jul 13, 2022","1,216.94","1,216.83","1,225.85","1,213.41","117.18K","-0.21%"
"Jul 12, 2022","1,219.44","1,208.06","1,219.44","1,204.84","88.68K","0.86%"
"Jul 11, 2022","1,209.02","1,224.20","1,224.20","1,200.15","131.00K","-1.83%"
"Jul 08, 2022","1,231.54","1,235.65","1,236.85","1,225.04","115.99K","0.19%"
"Jul 07, 2022","1,229.23","1,212.36","1,229.23","1,209.97","98.64K","1.43%"
"Jul 06, 2022","1,211.94","1,241.19","1,241.19","1,211.94","131.18K","-2.42%"
"Jul 05, 2022","1,242.05","1,252.48","1,256.47","1,239.80","162.03K","-0.51%"
"Jul 04, 2022","1,248.37","1,256.20","1,260.72","1,244.50","112.84K","-0.31%"
"Jul 01, 2022","1,252.24","1,247.70","1,255.67","1,225.64","118.89K","0.27%"
"Jun 30, 2022","1,248.92","1,273.99","1,276.23","1,248.92","118.01K","-1.92%"
"Jun 29, 2022","1,273.40","1,259.83","1,274.73","1,259.41","113.30K","-0.00%"
"Jun 28, 2022","1,273.41","1,254.35","1,276.21","1,249.57","151.57K","1.33%"
"Jun 27, 2022","1,256.67","1,238.23","1,256.67","1,237.79","110.60K","1.72%"
"Jun 24, 2022","1,235.47","1,239.54","1,246.22","1,234.72","90.44K","-0.41%"
"Jun 23, 2022","1,240.58","1,227.18","1,240.58","1,219.08","105.24K","1.09%"
"Jun 22, 2022","1,227.18","1,233.28","1,242.06","1,222.86","142.70K","0.22%"
"Jun 21, 2022","1,224.54","1,220.76","1,240.80","1,212.69","172.80K","-0.08%"
"Jun 20, 2022","1,225.56","1,258.30","1,262.83","1,223.03","168.77K","-2.58%"
"Jun 17, 2022","1,258.03","1,254.05","1,259.39","1,229.74","187.30K","-1.74%"
"Jun 16, 2022","1,280.37","1,266.87","1,292.02","1,263.56","156.46K","2.18%"
"Jun 15, 2022","1,253.09","1,263.96","1,268.33","1,231.12","167.43K","-0.64%"
"Jun 14, 2022","1,261.16","1,247.39","1,271.28","1,245.26","145.64K","0.02%"
"Jun 13, 2022","1,260.85","1,295.26","1,300.45","1,260.85","199.02K","-4.89%"
"Jun 10, 2022","1,325.69","1,332.93","1,344.85","1,325.69","136.59K","-1.28%"
"Jun 09, 2022","1,342.92","1,344.56","1,346.13","1,335.28","126.60K","0.07%"
"Jun 08, 2022","1,342.03","1,328.95","1,348.40","1,325.65","163.07K","1.33%"
"Jun 07, 2022","1,324.37","1,323.19","1,324.37","1,297.98","153.98K","-0.20%"
"Jun 06, 2022","1,327.04","1,328.73","1,336.96","1,320.97","132.83K","-0.03%"
"Jun 03, 2022","1,327.40","1,325.49","1,329.90","1,313.40","100.18K","0.14%"
"Jun 02, 2022","1,325.49","1,339.12","1,342.47","1,319.85","133.90K","-0.75%"
"Jun 01, 2022","1,335.49","1,329.02","1,341.47","1,323.07","127.58K","0.22%"
"May 31, 2022","1,332.59","1,342.08","1,342.08","1,324.46","127.92K","-0.77%"
"May 30, 2022","1,342.87","1,337.39","1,342.87","1,329.38","121.53K","0.54%"
"May 27, 2022","1,335.68","1,311.78","1,336.99","1,310.64","139.41K","2.00%"
"May 26, 2022","1,309.50","1,312.56","1,319.21","1,304.59","127.93K","-0.09%"
"May 25, 2022","1,310.70","1,277.54","1,311.32","1,273.29","172.70K","2.98%"
"May 24, 2022","1,272.71","1,255.77","1,272.71","1,242.36","146.37K","1.38%"
"May 23, 2022","1,255.35","1,287.49","1,287.65","1,245.41","139.33K","-2.12%"
"May 20, 2022","1,282.51","1,284.89","1,296.00","1,273.40","110.10K","-0.08%"
"May 19, 2022","1,283.55","1,259.59","1,291.49","1,255.63","130.08K","-0.22%"
"May 18, 2022","1,286.41","1,289.50","1,298.69","1,268.13","159.94K","0.54%"
"May 17, 2022","1,279.55","1,211.88","1,279.55","1,203.51","161.82K","5.31%"
"May 16, 2022","1,215.08","1,254.88","1,258.25","1,214.29","172.77K","-0.71%"
"May 13, 2022","1,223.76","1,281.28","1,284.94","1,219.52","237.56K","-4.38%"
"May 12, 2022","1,279.76","1,337.01","1,339.25","1,279.48","163.22K","-5.19%"
"May 11, 2022","1,349.82","1,344.14","1,355.11","1,324.20","94.77K","0.32%"
"May 10, 2022","1,345.46","1,312.10","1,345.46","1,285.67","157.23K","2.39%"
"May 09, 2022","1,314.04","1,358.56","1,360.64","1,308.34","200.88K","-4.31%"
"May 06, 2022","1,373.21","1,399.54","1,399.54","1,371.00","129.91K","-2.25%"
"May 05, 2022","1,404.88","1,402.60","1,405.43","1,373.42","122.13K","1.10%"
"May 04, 2022","1,389.59","1,415.43","1,415.45","1,389.59","114.19K","-1.96%"
"Apr 29, 2022","1,417.31","1,400.88","1,417.31","1,394.17","128.04K","1.17%"
"Apr 28, 2022","1,400.88","1,400.60","1,407.82","1,392.24","91.68K","-0.08%"
"Apr 27, 2022","1,402.03","1,394.85","1,407.70","1,362.87","108.12K","0.37%"
"Apr 26, 2022","1,396.90","1,347.83","1,397.43","1,318.50","181.78K","2.23%"
"Apr 25, 2022","1,366.39","1,444.79","1,445.62","1,356.36","202.43K","-5.40%"
"Apr 22, 2022","1,444.32","1,439.32","1,455.15","1,419.05","150.76K","1.22%"
"Apr 21, 2022","1,426.87","1,434.77","1,452.41","1,422.70","172.36K","-0.60%"
"Apr 20, 2022","1,435.50","1,440.90","1,453.81","1,434.87","150.22K","-0.35%"
"Apr 19, 2022","1,440.61","1,471.63","1,478.50","1,440.61","156.62K","-1.88%"
"Apr 18, 2022","1,468.25","1,493.17","1,493.24","1,466.73","194.44K","-1.71%"
"Apr 15, 2022","1,493.74","1,514.89","1,518.85","1,491.26","181.77K","-1.60%"
"Apr 14, 2022","1,518.01","1,526.49","1,534.28","1,517.07","119.61K","-0.48%"
"Apr 13, 2022","1,525.39","1,512.37","1,526.44","1,506.45","143.87K","1.21%"
"Apr 12, 2022","1,507.20","1,530.30","1,532.03","1,506.41","152.48K","-1.12%"
"Apr 08, 2022","1,524.31","1,541.78","1,547.60","1,524.31","156.34K","-1.14%"
"Apr 07, 2022","1,541.96","1,561.14","1,566.09","1,541.96","198.97K","-0.97%"
"Apr 06, 2022","1,557.11","1,534.23","1,558.41","1,529.23","203.57K","1.16%"
"Apr 05, 2022","1,539.20","1,544.34","1,549.77","1,539.20","125.17K","-0.57%"
"Apr 04, 2022","1,548.04","1,558.21","1,558.98","1,546.46","160.18K","0.36%"
"Apr 01, 2022","1,542.47","1,509.01","1,542.47","1,506.11","195.61K","2.25%"
"Mar 31, 2022","1,508.53","1,502.38","1,512.47","1,500.67","121.69K","0.55%"
"Mar 30, 2022","1,500.23","1,497.98","1,513.91","1,496.59","163.90K","-0.02%"
"Mar 29, 2022","1,500.57","1,484.95","1,501.05","1,484.95","110.33K","1.11%"
"Mar 28, 2022","1,484.16","1,493.12","1,497.06","1,477.72","177.24K","-0.95%"
"Mar 25, 2022","1,498.36","1,499.34","1,503.18","1,494.28","109.44K","0.06%"
"Mar 24, 2022","1,497.44","1,506.49","1,506.79","1,496.96","115.64K","-0.54%"
"Mar 23, 2022","1,505.59","1,514.61","1,519.58","1,505.59","132.33K","-0.52%"
"Mar 22, 2022","1,513.40","1,507.38","1,516.70","1,506.10","155.23K","0.71%"
"Mar 21, 2022","1,502.67","1,480.29","1,502.67","1,480.29","124.70K","1.74%"
"Mar 18, 2022","1,476.94","1,474.02","1,482.96","1,474.02","148.42K","0.48%"
"Mar 17, 2022","1,469.92","1,480.32","1,480.86","1,469.92","109.38K","-0.19%"
"Mar 16, 2022","1,472.69","1,475.17","1,478.42","1,467.95","106.84K","0.26%"
"Mar 15, 2022","1,468.89","1,461.40","1,469.52","1,455.16","136.42K","0.53%"
"Mar 14, 2022","1,461.10","1,471.44","1,473.98","1,454.34","177.21K","-1.09%"
"Mar 11, 2022","1,477.14","1,487.92","1,490.83","1,469.22","178.19K","-0.88%"
"Mar 10, 2022","1,490.24","1,491.90","1,505.50","1,490.24","148.75K","0.07%"
"Mar 09, 2022","1,489.25","1,493.96","1,497.75","1,485.15","190.16K","-0.06%"
"Mar 08, 2022","1,490.17","1,500.07","1,506.65","1,486.68","222.31K","-1.26%"
"Mar 07, 2022","1,509.12","1,514.76","1,518.32","1,505.79","222.54K","-1.06%"
"Mar 04, 2022","1,525.34","1,525.23","1,529.93","1,519.97","220.07K","0.19%"
"Mar 03, 2022","1,522.49","1,507.53","1,522.49","1,502.41","244.08K","1.59%"
"Mar 02, 2022","1,498.61","1,516.31","1,517.49","1,495.16","291.45K","-1.42%"
"Mar 01, 2022","1,520.12","1,521.44","1,525.00","1,515.49","187.03K","0.19%"
"Feb 28, 2022","1,517.18","1,525.58","1,533.32","1,512.45","193.57K","-0.61%"
"Feb 25, 2022","1,526.50","1,531.97","1,540.13","1,526.50","198.11K","0.29%"
"Feb 24, 2022","1,522.04","1,537.50","1,540.13","1,503.22","275.31K","-1.09%"
"Feb 23, 2022","1,538.83","1,536.60","1,547.19","1,534.19","158.14K","0.42%"
"Feb 22, 2022","1,532.36","1,532.07","1,532.36","1,510.07","223.63K","-0.07%"
"Feb 21, 2022","1,533.40","1,530.65","1,537.56","1,522.48","163.18K","0.13%"
"Feb 18, 2022","1,531.47","1,525.21","1,533.53","1,523.88","155.11K","-0.59%"
"Feb 17, 2022","1,540.51","1,521.37","1,540.51","1,521.37","146.57K","1.25%"
"Feb 16, 2022","1,521.47","1,534.39","1,534.50","1,517.52","122.06K","-0.39%"
"Feb 15, 2022","1,527.36","1,508.25","1,530.04","1,506.69","180.95K","1.48%"
"Feb 14, 2022","1,505.07","1,530.50","1,536.77","1,505.07","254.06K","-2.64%"
"Feb 11, 2022","1,545.92","1,544.76","1,549.37","1,540.50","167.68K","-0.20%"
"Feb 10, 2022","1,548.95","1,554.98","1,557.89","1,536.02","225.00K","-0.22%"
"Feb 09, 2022","1,552.44","1,554.59","1,570.32","1,552.44","230.55K","0.13%"
"Feb 08, 2022","1,550.46","1,539.49","1,555.01","1,537.16","218.96K","0.60%"
"Feb 07, 2022","1,541.25","1,548.38","1,555.01","1,541.25","182.87K","0.59%"
"Jan 28, 2022","1,532.24","1,516.40","1,535.57","1,515.85","194.57K","1.03%"
"Jan 27, 2022","1,516.57","1,520.82","1,528.81","1,507.26","158.58K","-0.57%"
"Jan 26, 2022","1,525.31","1,519.90","1,533.61","1,516.96","236.86K","0.60%"
"Jan 25, 2022","1,516.16","1,471.56","1,516.16","1,466.07","191.55K","3.05%"
"Jan 24, 2022","1,471.31","1,496.36","1,499.22","1,465.76","243.48K","-2.05%"
"Jan 21, 2022","1,502.16","1,497.61","1,508.65","1,492.21","218.98K","0.63%"
"Jan 20, 2022","1,492.81","1,479.81","1,499.47","1,474.67","163.72K","0.69%"
"Jan 19, 2022","1,482.55","1,479.74","1,491.00","1,475.06","142.26K","0.37%"
"Jan 18, 2022","1,477.06","1,473.04","1,489.13","1,464.41","214.02K","-0.10%"
"Jan 17, 2022","1,478.61","1,523.17","1,529.28","1,478.61","290.14K","-2.95%"
"Jan 14, 2022","1,523.57","1,523.96","1,530.20","1,513.17","135.95K","-0.19%"
"Jan 13, 2022","1,526.43","1,533.38","1,548.49","1,524.66","308.82K","-0.24%"
"Jan 12, 2022","1,530.04","1,498.63","1,530.04","1,484.93","282.09K","2.02%"
"Jan 11, 2022","1,499.74","1,516.74","1,519.84","1,497.78","187.02K","-0.99%"
"Jan 10, 2022","1,514.70","1,531.13","1,537.71","1,514.70","200.03K","-1.14%"
"Jan 07, 2022","1,532.24","1,548.77","1,550.47","1,532.24","200.63K","-0.82%"
"Jan 06, 2022","1,544.95","1,542.34","1,554.97","1,541.19","231.96K","-0.07%"
"Jan 05, 2022","1,546.01","1,559.33","1,562.93","1,546.01","222.22K","-0.82%"
"Jan 04, 2022","1,558.87","1,536.45","1,562.54","1,536.45","207.49K","1.51%"
"Dec 31, 2021","1,535.71","1,523.58","1,537.32","1,523.41","183.41K","1.06%"
"Dec 30, 2021","1,519.62","1,515.75","1,526.20","1,515.75","145.70K","0.24%"
"Dec 29, 2021","1,515.94","1,525.82","1,528.90","1,515.94","154.78K","-0.50%"
"Dec 28, 2021","1,523.54","1,518.56","1,523.54","1,509.58","189.42K","0.59%"
"Dec 27, 2021","1,514.55","1,515.24","1,517.45","1,500.31","134.57K","0.52%"
"Dec 24, 2021","1,506.67","1,484.51","1,507.48","1,481.37","197.96K","1.98%"
"Dec 23, 2021","1,477.37","1,504.61","1,506.43","1,470.94","241.49K","-1.78%"
"Dec 22, 2021","1,504.12","1,514.98","1,519.74","1,498.96","220.18K","-0.49%"
"Dec 21, 2021","1,511.48","1,512.01","1,517.69","1,507.89","175.78K","-0.14%"
"Dec 20, 2021","1,513.60","1,519.69","1,521.62","1,509.54","180.13K","0.00%"
"Dec 17, 2021","1,513.56","1,513.36","1,520.97","1,511.19","220.35K","0.22%"
"Dec 16, 2021","1,510.17","1,526.63","1,526.75","1,501.41","187.58K","-0.61%"
"Dec 15, 2021","1,519.42","1,516.91","1,525.14","1,512.05","150.69K","0.20%"
"Dec 14, 2021","1,516.44","1,518.39","1,529.93","1,513.14","170.67K","-0.29%"
"Dec 13, 2021","1,520.80","1,523.74","1,526.53","1,517.98","166.21K","0.09%"
"Dec 10, 2021","1,519.46","1,528.17","1,533.23","1,517.59","172.57K","-0.66%"
"Dec 09, 2021","1,529.61","1,509.40","1,529.61","1,509.40","141.32K","0.89%"
"Dec 08, 2021","1,516.16","1,515.59","1,523.95","1,508.69","176.05K","0.23%"
"Dec 07, 2021","1,512.62","1,493.07","1,512.62","1,488.13","167.56K","2.14%"
"Dec 06, 2021","1,480.92","1,507.45","1,515.47","1,464.91","264.31K","-1.53%"
"Dec 03, 2021","1,503.98","1,550.81","1,551.97","1,503.98","237.84K","-2.39%"
"Dec 02, 2021","1,540.88","1,553.21","1,555.49","1,540.88","155.69K","-0.58%"
"Dec 01, 2021","1,549.81","1,536.67","1,549.81","1,531.20","183.02K","0.79%"
"Nov 30, 2021","1,537.59","1,567.44","1,568.09","1,531.82","254.25K","-0.99%"
"Nov 29, 2021","1,553.04","1,541.22","1,558.86","1,541.22","270.84K","-0.86%"
"Nov 26, 2021","1,566.55","1,576.52","1,587.00","1,564.39","286.51K","-0.38%"
"Nov 25, 2021","1,572.46","1,573.29","1,579.56","1,567.67","255.69K","0.46%"
"Nov 24, 2021","1,565.29","1,534.87","1,567.77","1,530.61","371.79K","2.10%"
"Nov 23, 2021","1,533.12","1,518.39","1,533.12","1,513.23","173.03K","1.06%"
"Nov 22, 2021","1,517.04","1,503.19","1,530.43","1,502.25","274.79K","1.13%"
"Nov 19, 2021","1,500.05","1,507.45","1,521.63","1,486.59","322.63K","-0.22%"
"Nov 18, 2021","1,503.42","1,522.39","1,523.19","1,503.42","256.83K","-1.06%"
"Nov 17, 2021","1,519.58","1,517.67","1,522.50","1,513.65","165.54K","0.16%"
"Nov 16, 2021","1,517.22","1,527.11","1,530.32","1,513.50","214.95K","-0.75%"
"Nov 15, 2021","1,528.68","1,534.16","1,534.44","1,521.94","232.16K","0.05%"
"Nov 12, 2021","1,527.94","1,514.96","1,529.47","1,504.52","152.56K","0.90%"
"Nov 11, 2021","1,514.36","1,524.73","1,526.72","1,503.77","258.43K","-0.62%"
"Nov 10, 2021","1,523.79","1,530.69","1,531.70","1,518.89","204.46K","-0.22%"
"Nov 09, 2021","1,527.13","1,539.25","1,542.75","1,524.36","210.51K","-0.56%"
"Nov 08, 2021","1,535.66","1,535.12","1,541.83","1,528.71","219.02K","0.25%"
"Nov 05, 2021","1,531.76","1,531.06","1,536.47","1,523.16","156.55K","0.23%"
"Nov 04, 2021","1,528.21","1,531.92","1,535.90","1,524.54","173.10K","-0.16%"
"Nov 03, 2021","1,530.65","1,526.38","1,537.59","1,519.39","324.56K","0.61%"
"Nov 02, 2021","1,521.35","1,514.91","1,522.90","1,514.75","186.41K","0.30%"
"Nov 01, 2021","1,516.75","1,534.17","1,534.88","1,513.98","252.42K","-1.02%"
"Oct 29, 2021","1,532.35","1,529.42","1,534.51","1,521.04","197.58K","0.20%"
"Oct 28, 2021","1,529.26","1,522.11","1,530.77","1,513.12","190.78K","0.84%"
"Oct 27, 2021","1,516.46","1,487.45","1,516.46","1,485.12","201.35K","2.28%"
"Oct 26, 2021","1,482.62","1,474.36","1,483.65","1,467.02","143.69K","0.38%"
"Oct 25, 2021","1,476.97","1,492.35","1,492.35","1,476.97","202.65K","-0.79%"
"Oct 22, 2021","1,488.71","1,495.32","1,498.25","1,486.57","127.28K","-0.04%"
"Oct 21, 2021","1,489.26","1,509.05","1,510.20","1,489.26","166.37K","-1.05%"
"Oct 20, 2021","1,505.03","1,510.38","1,516.74","1,486.26","182.02K","-0.14%"
"Oct 19, 2021","1,507.19","1,512.10","1,513.83","1,503.89","142.51K","-0.22%"
"Oct 18, 2021","1,510.49","1,508.88","1,517.70","1,505.39","167.73K","0.38%"
"Oct 15, 2021","1,504.84","1,508.37","1,512.61","1,499.70","151.73K","0.10%"
"Oct 14, 2021","1,503.38","1,504.85","1,511.14","1,498.21","159.95K","-0.14%"
"Oct 13, 2021","1,505.55","1,512.73","1,519.11","1,502.19","137.28K","-0.27%"
"Oct 12, 2021","1,509.57","1,514.78","1,517.21","1,504.24","162.66K","-0.05%"
"Oct 11, 2021","1,510.27","1,481.29","1,511.21","1,480.31","211.04K","2.28%"
"Oct 08, 2021","1,476.54","1,466.78","1,476.54","1,463.07","137.77K","0.94%"
"Oct 07, 2021","1,462.74","1,467.95","1,470.64","1,460.87","142.85K","0.07%"
"Oct 06, 2021","1,461.72","1,461.98","1,461.98","1,453.78","157.61K","0.38%"
"Oct 05, 2021","1,456.21","1,446.77","1,456.37","1,444.49","152.94K","0.87%"
"Oct 04, 2021","1,443.61","1,442.87","1,446.78","1,433.05","220.20K","0.12%"
"Oct 01, 2021","1,441.83","1,450.90","1,453.24","1,438.52","188.81K","-0.82%"
"Sep 30, 2021","1,453.76","1,450.52","1,461.94","1,452.55","118.79K","0.22%"
"Sep 29, 2021","1,450.52","1,450.73","1,453.66","1,440.55","169.81K","-0.04%"
"Sep 28, 2021","1,451.12","1,433.70","1,454.79","1,430.89","141.16K","0.83%"
"Sep 27, 2021","1,439.20","1,462.86","1,464.50","1,439.20","148.69K","-1.42%"
"Sep 24, 2021","1,459.94","1,460.63","1,464.12","1,456.89","141.12K","0.12%"
"Sep 23, 2021","1,458.23","1,456.46","1,466.00","1,453.02","138.29K","0.34%"
"Sep 22, 2021","1,453.22","1,449.44","1,454.19","1,440.02","122.88K","0.48%"
"Sep 21, 2021","1,446.22","1,444.75","1,455.71","1,433.77","167.22K","-0.85%"
"Sep 20, 2021","1,458.66","1,468.11","1,474.66","1,454.95","180.84K","0.21%"
"Sep 17, 2021","1,455.59","1,452.31","1,459.94","1,451.38","188.92K","0.46%"
"Sep 16, 2021","1,448.98","1,452.89","1,454.23","1,442.77","134.63K","0.29%"
"Sep 15, 2021","1,444.85","1,433.17","1,447.64","1,432.76","130.11K","0.47%"
"Sep 14, 2021","1,438.16","1,444.24","1,448.71","1,436.98","148.17K","-0.47%"
"Sep 13, 2021","1,444.99","1,450.00","1,454.72","1,444.71","162.87K","-0.23%"
"Sep 10, 2021","1,448.33","1,451.78","1,453.81","1,447.44","139.15K","0.07%"
"Sep 09, 2021","1,447.28","1,432.84","1,449.16","1,431.55","166.19K","0.95%"
"Sep 08, 2021","1,433.71","1,447.43","1,448.44","1,431.38","152.21K","-0.72%"
"Sep 07, 2021","1,444.10","1,446.00","1,454.82","1,441.69","205.27K","0.18%"
"Sep 06, 2021","1,441.54","1,433.03","1,441.92","1,429.55","208.74K","1.02%"
"Sep 01, 2021","1,426.94","1,425.35","1,434.73","1,423.08","176.64K","-0.12%"
"Aug 31, 2021","1,428.66","1,435.52","1,437.38","1,425.71","152.48K","-0.17%"
"Aug 30, 2021","1,431.05","1,427.48","1,434.25","1,420.77","154.14K","0.88%"
"Aug 27, 2021","1,418.57","1,403.99","1,418.57","1,391.88","202.51K","0.43%"
"Aug 26, 2021","1,412.45","1,432.37","1,433.67","1,408.08","152.19K","-1.12%"
"Aug 25, 2021","1,428.51","1,420.74","1,430.58","1,411.07","153.26K","0.72%"
"Aug 24, 2021","1,418.26","1,415.71","1,423.46","1,406.94","203.69K","0.44%"
"Aug 23, 2021","1,412.00","1,443.67","1,446.73","1,412.00","250.64K","-2.65%"
"Aug 20, 2021","1,450.45","1,495.67","1,497.03","1,436.24","348.77K","-3.63%"
"Aug 19, 2021","1,505.01","1,489.74","1,505.01","1,479.60","206.50K","1.04%"
"Aug 18, 2021","1,489.54","1,493.12","1,500.17","1,484.26","192.68K","-0.31%"
"Aug 17, 2021","1,494.12","1,508.41","1,512.27","1,488.74","217.18K","-0.44%"
"Aug 16, 2021","1,500.77","1,490.70","1,504.03","1,487.52","258.60K","1.11%"
"Aug 13, 2021","1,484.25","1,477.72","1,484.67","1,463.48","207.22K","0.49%"
"Aug 12, 2021","1,477.06","1,487.10","1,493.69","1,477.06","184.22K","-0.73%"
"Aug 11, 2021","1,487.91","1,497.13","1,506.80","1,487.91","245.34K","-0.43%"
"Aug 10, 2021","1,494.41","1,506.50","1,508.92","1,490.00","185.39K","-0.23%"
"Aug 09, 2021","1,497.83","1,472.78","1,499.90","1,467.32","206.12K","1.42%"
"Aug 06, 2021","1,476.79","1,488.11","1,491.52","1,476.79","211.70K","-0.65%"
"Aug 05, 2021","1,486.46","1,469.13","1,488.79","1,465.10","193.62K","0.97%"
"Aug 04, 2021","1,472.20","1,476.82","1,480.28","1,465.66","218.55K","0.16%"
"Aug 03, 2021","1,469.87","1,449.97","1,469.87","1,449.33","225.71K","1.50%"
"Aug 02, 2021","1,448.21","1,443.60","1,457.89","1,438.35","198.50K","0.07%"
"Jul 30, 2021","1,447.23","1,430.48","1,451.45","1,428.85","224.34K","1.38%"
"Jul 29, 2021","1,427.55","1,419.55","1,427.55","1,413.59","166.49K","1.42%"
"Jul 28, 2021","1,407.50","1,406.25","1,415.39","1,402.60","120.70K","-0.17%"
"Jul 27, 2021","1,409.85","1,415.50","1,423.30","1,408.80","190.31K","0.42%"
"Jul 26, 2021","1,403.96","1,397.01","1,409.94","1,384.87","152.85K","0.17%"
"Jul 23, 2021","1,401.53","1,422.07","1,430.43","1,401.53","235.47K","-1.89%"
"Jul 22, 2021","1,428.48","1,404.49","1,432.43","1,400.20","162.70K","1.56%"
"Jul 21, 2021","1,406.54","1,415.71","1,422.80","1,402.42","149.34K","-0.32%"
"Jul 20, 2021","1,411.02","1,379.41","1,411.02","1,357.31","221.51K","2.68%"
"Jul 19, 2021","1,374.15","1,403.96","1,413.24","1,367.61","268.71K","-4.44%"
"Jul 16, 2021","1,438.05","1,439.96","1,446.36","1,433.16","152.45K","0.54%"
"Jul 15, 2021","1,430.29","1,410.30","1,441.57","1,402.36","189.78K","1.42%"
"Jul 14, 2021","1,410.30","1,440.87","1,446.13","1,395.16","215.23K","-2.12%"
"Jul 13, 2021","1,440.87","1,443.10","1,457.05","1,419.09","174.50K","-0.15%"
"Jul 12, 2021","1,443.10","1,494.43","1,495.92","1,406.14","412.55K","-3.43%"
"Jul 09, 2021","1,494.43","1,521.21","1,526.35","1,480.60","287.67K","-1.76%"
"Jul 08, 2021","1,521.21","1,538.77","1,538.77","1,509.90","218.88K","-1.14%"
"Jul 07, 2021","1,538.77","1,488.42","1,538.77","1,472.81","306.58K","3.38%"
"Jul 06, 2021","1,488.42","1,557.41","1,565.29","1,488.42","298.84K","-4.43%"
"Jul 05, 2021","1,557.41","1,554.59","1,560.44","1,533.18","309.40K","0.18%"
"Jul 02, 2021","1,554.59","1,546.54","1,558.45","1,546.54","242.78K","0.61%"
"Jul 01, 2021","1,545.14","1,529.09","1,545.14","1,525.24","253.52K","1.06%"
"Jun 30, 2021","1,529.00","1,529.97","1,540.90","1,528.10","192.68K","-0.06%"
"Jun 29, 2021","1,529.97","1,521.51","1,536.96","1,521.51","203.55K","0.56%"
"Jun 28, 2021","1,521.41","1,502.02","1,523.58","1,502.02","215.31K","1.41%"
"Jun 25, 2021","1,500.30","1,486.99","1,500.94","1,480.64","180.21K","0.90%"
"Jun 24, 2021","1,486.96","1,489.51","1,497.92","1,482.38","175.26K","-0.17%"
"Jun 23, 2021","1,489.53","1,489.27","1,502.79","1,485.13","197.84K","0.02%"
"Jun 22, 2021","1,489.24","1,481.13","1,498.12","1,481.13","211.64K","0.74%"
"Jun 21, 2021","1,478.29","1,481.15","1,486.12","1,473.11","205.15K","-0.20%"
"Jun 18, 2021","1,481.30","1,461.96","1,484.89","1,461.96","198.66K","1.33%"
"Jun 17, 2021","1,461.91","1,463.98","1,469.44","1,445.39","211.57K","-0.25%"
"Jun 16, 2021","1,465.58","1,486.76","1,487.68","1,462.99","241.63K","-1.44%"
"Jun 15, 2021","1,487.04","1,495.51","1,498.75","1,481.03","239.02K","-0.57%"
"Jun 14, 2021","1,495.51","1,488.88","1,504.32","1,483.82","249.57K","0.53%"
"Jun 11, 2021","1,487.61","1,451.43","1,489.95","1,448.46","264.96K","2.51%"
"Jun 10, 2021","1,451.18","1,457.17","1,464.40","1,443.74","253.44K","-0.45%"
"Jun 09, 2021","1,457.76","1,438.47","1,465.93","1,426.04","279.95K","1.31%"
"Jun 08, 2021","1,438.97","1,481.88","1,493.36","1,436.72","328.47K","-3.04%"
"Jun 07, 2021","1,484.10","1,508.08","1,508.65","1,472.10","309.81K","-1.61%"
"Jun 04, 2021","1,508.35","1,504.18","1,509.38","1,496.36","336.49K","0.26%"
"Jun 03, 2021","1,504.37","1,479.75","1,506.27","1,479.75","318.35K","1.73%"
"Jun 02, 2021","1,478.85","1,482.92","1,488.93","1,469.49","277.18K","-0.27%"
"Jun 01, 2021","1,482.92","1,473.28","1,496.55","1,473.28","255.91K","0.55%"
"May 31, 2021","1,474.78","1,459.04","1,475.09","1,449.66","293.02K","1.10%"
"May 28, 2021","1,458.78","1,437.74","1,460.68","1,433.55","300.18K","1.49%"
"May 27, 2021","1,437.38","1,455.48","1,457.46","1,433.76","264.79K","-1.22%"
"May 26, 2021","1,455.11","1,443.93","1,456.55","1,440.60","233.97K","0.77%"
"May 25, 2021","1,444.01","1,428.42","1,445.60","1,427.56","209.78K","0.95%"
"May 24, 2021","1,430.48","1,425.11","1,433.59","1,421.17","256.21K","0.38%"
"May 21, 2021","1,425.04","1,424.77","1,433.01","1,412.78","267.79K","0.01%"
"May 20, 2021","1,424.92","1,402.31","1,424.92","1,396.23","270.20K","1.66%"
"May 19, 2021","1,401.71","1,378.97","1,402.45","1,378.43","279.67K","1.68%"
"May 18, 2021","1,378.59","1,371.75","1,381.36","1,367.85","252.83K","0.53%"
"May 17, 2021","1,371.36","1,381.13","1,391.89","1,371.22","254.61K","-0.63%"
"May 14, 2021","1,380.02","1,370.14","1,386.09","1,370.14","251.13K","0.72%"
"May 13, 2021","1,370.18","1,379.19","1,385.72","1,370.18","271.90K","-0.72%"
"May 12, 2021","1,380.17","1,358.59","1,380.23","1,350.80","264.23K","1.54%"
"May 11, 2021","1,359.19","1,370.71","1,382.06","1,359.19","262.05K","-0.84%"
"May 10, 2021","1,370.66","1,339.75","1,371.51","1,335.39","302.73K","2.23%"
"May 07, 2021","1,340.73","1,344.09","1,347.80","1,329.51","291.44K","-0.29%"
"May 06, 2021","1,344.64","1,346.93","1,352.57","1,337.28","226.86K","-0.17%"
"May 05, 2021","1,346.89","1,328.47","1,360.76","1,328.47","274.66K","1.42%"
"May 04, 2021","1,328.03","1,312.08","1,329.18","1,285.90","274.20K","1.20%"
"Apr 29, 2021","1,312.28","1,294.79","1,312.62","1,294.79","242.34K","1.41%"
"Apr 28, 2021","1,294.06","1,283.81","1,296.48","1,280.54","206.90K","0.80%"
"Apr 27, 2021","1,283.81","1,274.32","1,283.95","1,264.57","171.78K","0.69%"
"Apr 26, 2021","1,275.04","1,301.39","1,305.73","1,269.78","216.95K","-2.02%"
"Apr 23, 2021","1,301.39","1,271.52","1,301.39","1,262.89","245.63K","2.35%"
"Apr 22, 2021","1,271.53","1,312.33","1,317.50","1,271.53","232.54K","-3.13%"
"Apr 20, 2021","1,312.68","1,308.03","1,331.56","1,303.68","244.92K","0.49%"
"Apr 19, 2021","1,306.22","1,277.11","1,306.22","1,271.52","210.60K","2.30%"
"Apr 16, 2021","1,276.87","1,283.18","1,291.37","1,262.52","247.67K","-0.57%"
"Apr 15, 2021","1,284.20","1,291.83","1,300.84","1,283.98","236.68K","-0.51%"
"Apr 14, 2021","1,290.77","1,277.31","1,290.77","1,263.89","207.52K","1.05%"
"Apr 13, 2021","1,277.35","1,278.31","1,298.78","1,276.74","255.77K","-0.07%"
"Apr 12, 2021","1,278.19","1,254.39","1,279.52","1,254.39","267.96K","1.99%"
"Apr 09, 2021","1,253.26","1,251.71","1,256.06","1,245.26","173.79K","0.12%"
"Apr 08, 2021","1,251.81","1,257.75","1,263.03","1,249.45","161.34K","-0.47%"
"Apr 07, 2021","1,257.77","1,255.36","1,257.77","1,248.15","213.31K","0.19%"
"Apr 06, 2021","1,255.36","1,248.43","1,260.35","1,245.16","222.98K","0.44%"
"Apr 05, 2021","1,249.90","1,240.24","1,256.12","1,240.24","219.16K","0.96%"
"Apr 02, 2021","1,238.03","1,226.84","1,243.67","1,226.84","199.25K","0.97%"
"Apr 01, 2021","1,226.16","1,196.62","1,227.56","1,196.39","222.24K","2.50%"
"Mar 31, 2021","1,196.24","1,190.86","1,203.18","1,189.47","171.90K","0.45%"
"Mar 30, 2021","1,190.86","1,180.21","1,192.90","1,175.90","217.51K","0.91%"
"Mar 29, 2021","1,180.07","1,167.30","1,182.06","1,167.30","145.67K","1.10%"
"Mar 26, 2021","1,167.19","1,164.38","1,170.75","1,143.08","172.71K","0.22%"
"Mar 25, 2021","1,164.64","1,165.80","1,175.86","1,159.25","165.90K","-0.08%"
"Mar 24, 2021","1,165.61","1,186.04","1,186.04","1,157.69","190.25K","-1.80%"
"Mar 23, 2021","1,186.98","1,198.49","1,198.49","1,182.22","155.69K","-0.96%"
"Mar 22, 2021","1,198.54","1,204.00","1,207.28","1,194.79","161.30K","-0.40%"
"Mar 19, 2021","1,203.36","1,211.08","1,211.08","1,201.17","171.42K","-0.68%"
"Mar 18, 2021","1,211.54","1,193.71","1,211.54","1,193.71","155.17K","1.52%"
"Mar 17, 2021","1,193.45","1,188.31","1,193.45","1,183.83","193.60K","0.47%"
"Mar 16, 2021","1,187.84","1,191.08","1,192.15","1,177.05","163.86K","-0.25%"
"Mar 15, 2021","1,190.86","1,187.84","1,194.29","1,184.32","149.68K","0.26%"
"Mar 12, 2021","1,187.81","1,188.74","1,193.97","1,184.64","147.25K","-0.08%"
"Mar 11, 2021","1,188.71","1,172.94","1,190.47","1,172.94","167.31K","1.40%"
"Mar 10, 2021","1,172.26","1,163.43","1,173.58","1,154.29","156.01K","0.80%"
"Mar 09, 2021","1,163.00","1,169.89","1,169.89","1,150.18","159.98K","-0.60%"
"Mar 08, 2021","1,170.00","1,175.19","1,186.29","1,164.78","164.93K","-0.33%"
"Mar 05, 2021","1,173.83","1,174.36","1,174.80","1,157.45","205.21K","-0.04%"
"Mar 04, 2021","1,174.29","1,195.62","1,200.42","1,164.63","183.13K","-1.78%"
"Mar 03, 2021","1,195.60","1,194.78","1,198.36","1,189.14","154.44K","0.07%"
"Mar 02, 2021","1,194.71","1,192.60","1,203.84","1,188.01","169.42K","0.24%"
"Mar 01, 2021","1,191.83","1,173.72","1,192.85","1,173.72","191.03K","1.55%"
"Feb 26, 2021","1,173.60","1,169.37","1,175.40","1,153.41","178.99K","0.32%"
"Feb 25, 2021","1,169.82","1,168.22","1,175.19","1,158.06","158.38K","0.23%"
"Feb 24, 2021","1,167.18","1,182.76","1,192.04","1,161.13","178.72K","-1.29%"
"Feb 23, 2021","1,182.47","1,180.38","1,191.74","1,174.18","195.05K","0.16%"
"Feb 22, 2021","1,180.55","1,180.48","1,190.48","1,172.71","175.26K","-0.00%"
"Feb 19, 2021","1,180.59","1,186.70","1,188.61","1,168.18","166.18K","-0.62%"
"Feb 18, 2021","1,187.94","1,174.80","1,187.94","1,162.48","183.25K","1.11%"
"Feb 17, 2021","1,174.91","1,130.19","1,174.91","1,130.19","174.12K","4.02%"
"Feb 09, 2021","1,129.49","1,092.67","1,129.49","1,089.85","173.19K","3.38%"
"Feb 08, 2021","1,092.59","1,135.50","1,136.38","1,077.40","228.47K","-3.78%"
"Feb 05, 2021","1,135.50","1,117.92","1,135.50","1,117.92","139.78K","1.59%"
"Feb 04, 2021","1,117.74","1,117.52","1,126.64","1,103.11","155.64K","-0.02%"
"Feb 03, 2021","1,117.98","1,080.23","1,122.04","1,080.23","204.90K","3.55%"
"Feb 02, 2021","1,079.70","1,029.55","1,079.87","1,025.18","162.84K","4.84%"
"Feb 01, 2021","1,029.86","1,048.01","1,068.93","1,029.21","175.34K","-1.76%"
"Jan 29, 2021","1,048.31","1,009.96","1,070.05","978.85","242.65K","3.72%"
"Jan 28, 2021","1,010.75","1,080.83","1,080.83","1,008.53","282.13K","-6.73%"
"Jan 27, 2021","1,083.63","1,122.92","1,125.25","1,073.74","241.01K","-3.69%"
"Jan 26, 2021","1,125.09","1,153.94","1,155.32","1,107.54","236.71K","-2.53%"
"Jan 25, 2021","1,154.29","1,156.55","1,164.70","1,149.26","198.48K","-0.20%"
"Jan 22, 2021","1,156.58","1,151.30","1,164.45","1,147.88","210.39K","0.46%"
"Jan 21, 2021","1,151.30","1,116.21","1,152.90","1,114.26","204.60K","3.14%"
"Jan 20, 2021","1,116.21","1,108.92","1,121.97","1,073.13","262.60K","0.80%"
"Jan 19, 2021","1,107.32","1,173.27","1,173.61","1,098.47","324.71K","-5.63%"
"Jan 18, 2021","1,173.34","1,183.25","1,188.53","1,171.96","199.29K","-0.75%"
"Jan 15, 2021","1,182.20","1,169.27","1,185.46","1,169.27","211.72K","1.13%"
"Jan 14, 2021","1,168.99","1,165.22","1,169.97","1,156.58","229.62K","0.38%"
"Jan 13, 2021","1,164.57","1,169.16","1,178.44","1,161.87","187.36K","-0.38%"
"Jan 12, 2021","1,169.03","1,163.44","1,169.38","1,155.90","202.52K","0.48%"
"Jan 11, 2021","1,163.40","1,148.06","1,165.99","1,148.06","222.79K","1.35%"
"Jan 08, 2021","1,147.86","1,131.00","1,156.38","1,131.00","220.09K","1.53%"
"Jan 07, 2021","1,130.59","1,113.88","1,130.59","1,113.88","215.40K","1.51%"
"Jan 06, 2021","1,113.72","1,105.74","1,125.63","1,104.99","225.23K","0.85%"
"Jan 05, 2021","1,104.30","1,090.71","1,106.29","1,086.07","191.64K","1.14%"
"Jan 04, 2021","1,091.87","1,072.44","1,097.61","1,072.44","233.73K","1.97%"
"Dec 31, 2020","1,070.77","1,059.16","1,074.02","1,058.90","136.03K","1.10%"
"Dec 30, 2020","1,059.16","1,059.20","1,069.50","1,055.25","173.02K","0.07%"
"Dec 29, 2020","1,058.39","1,054.23","1,062.61","1,050.05","153.42K","0.39%"
"Dec 28, 2020","1,054.23","1,053.37","1,063.09","1,047.45","190.25K","0.20%"
"Dec 25, 2020","1,052.13","1,033.86","1,052.16","1,026.05","161.86K","1.76%"
"Dec 24, 2020","1,033.95","1,045.97","1,051.56","1,013.90","212.71K","-1.12%"
"Dec 23, 2020","1,045.70","1,053.89","1,058.91","1,043.88","203.33K","-0.62%"
"Dec 22, 2020","1,052.23","1,051.17","1,053.81","1,043.80","204.62K","0.24%"
"Dec 21, 2020","1,049.71","1,038.00","1,052.85","1,038.00","187.66K","1.26%"
"Dec 18, 2020","1,036.65","1,016.95","1,037.98","1,016.95","183.61K","1.94%"
"Dec 17, 2020","1,016.95","1,028.63","1,028.63","1,015.86","226.64K","-1.24%"
"Dec 16, 2020","1,029.72","1,013.66","1,029.72","1,013.66","178.53K","1.65%"
"Dec 15, 2020","1,013.02","1,024.40","1,025.34","1,009.80","173.34K","-1.10%"
"Dec 14, 2020","1,024.28","1,008.86","1,024.28","1,008.86","160.38K","1.55%"
"Dec 11, 2020","1,008.65","994.34","1,008.65","994.29","127.66K","1.45%"
"Dec 10, 2020","994.28","1,004.42","1,008.60","994.28","173.56K","-0.97%"
"Dec 09, 2020","1,004.03","993.61","1,004.61","993.61","180.90K","1.05%"
"Dec 08, 2020","993.61","992.01","996.64","988.71","153.45K","0.16%"
"Dec 07, 2020","992.01","984.25","992.59","984.07","148.30K","0.78%"
"Dec 04, 2020","984.34","985.91","988.68","983.03","182.02K","-0.11%"
"Dec 03, 2020","985.44","980.17","986.40","978.16","183.52K","0.56%"
"Dec 02, 2020","979.95","976.27","981.28","973.58","187.86K","0.37%"
"Dec 01, 2020","976.35","963.57","976.44","951.92","213.41K","1.08%"
"Nov 30, 2020","965.89","971.39","975.46","965.89","168.72K","-0.54%"
"Nov 27, 2020","971.11","964.32","971.11","963.69","142.66K","0.72%"
"Nov 26, 2020","964.16","960.29","964.16","953.46","156.14K","0.37%"
"Nov 25, 2020","960.63","959.68","963.81","957.09","175.12K","0.11%"
"Nov 24, 2020","959.61","959.99","964.53","948.67","184.87K","-0.04%"
"Nov 23, 2020","960.03","950.98","961.35","946.14","164.65K","0.96%"
"Nov 20, 2020","950.89","944.85","950.89","942.28","125.70K","0.63%"
"Nov 19, 2020","944.92","938.60","945.06","936.32","166.09K","0.77%"
"Nov 18, 2020","937.67","935.24","939.62","931.18","153.57K","0.32%"
"Nov 17, 2020","934.65","916.25","934.65","916.25","129.18K","2.04%"
"Nov 16, 2020","915.97","931.40","939.10","915.23","173.01K","-1.64%"
"Nov 13, 2020","931.20","923.04","931.20","923.00","122.99K","0.89%"
"Nov 12, 2020","923.00","916.89","923.00","916.21","85.35K","0.69%"
"Nov 11, 2020","916.68","916.98","919.95","910.39","114.39K","0.02%"
"Nov 10, 2020","916.50","917.45","929.66","916.50","137.87K","-0.10%"
"Nov 09, 2020","917.42","902.91","917.42","902.91","108.93K","1.61%"
"Nov 06, 2020","902.91","903.68","907.67","899.51","79.12K","-0.08%"
"Nov 05, 2020","903.64","905.55","913.20","903.64","97.63K","-0.20%"
"Nov 04, 2020","905.48","902.38","910.59","900.74","112.22K","0.37%"
"Nov 03, 2020","902.14","899.73","904.78","897.30","110.88K","0.32%"
"Nov 02, 2020","899.27","892.68","900.03","889.83","83.56K","0.75%"
"Oct 30, 2020","892.55","887.34","893.42","875.84","130.03K","0.66%"
"Oct 29, 2020","886.68","887.99","894.19","879.74","151.63K","-0.25%"
"Oct 28, 2020","888.88","913.31","916.00","888.88","183.44K","-2.90%"
"Oct 27, 2020","915.46","919.56","926.52","914.72","189.91K","-0.45%"
"Oct 26, 2020","919.56","929.50","942.72","919.56","167.43K","-1.15%"
"Oct 23, 2020","930.30","918.84","930.59","918.84","163.04K","1.31%"
"Oct 22, 2020","918.30","906.10","918.30","901.96","133.65K","1.35%"
"Oct 21, 2020","906.10","909.49","918.14","905.08","152.21K","-0.37%"
"Oct 20, 2020","909.49","903.57","909.49","899.42","179.99K","0.66%"
"Oct 19, 2020","903.51","899.61","906.16","899.61","142.17K","0.21%"
"Oct 16, 2020","901.59","899.58","906.17","892.70","157.35K","0.27%"
"Oct 15, 2020","899.20","896.50","901.71","893.94","167.59K","0.79%"
"Oct 14, 2020","892.15","878.94","892.25","878.94","176.57K","1.57%"
"Oct 13, 2020","878.35","874.58","879.25","872.36","103.92K","0.39%"
"Oct 12, 2020","874.90","874.72","882.84","871.58","130.26K","0.04%"
"Oct 09, 2020","874.53","869.80","875.52","868.36","115.72K","0.54%"
"Oct 08, 2020","869.82","870.88","873.13","864.55","139.81K","-0.12%"
"Oct 07, 2020","870.85","870.98","876.31","867.06","157.15K","-0.06%"
"Oct 06, 2020","871.37","867.74","872.39","866.12","148.28K","0.42%"
"Oct 05, 2020","867.70","861.51","869.09","861.51","115.09K","0.72%"
"Oct 02, 2020","861.51","867.58","870.80","850.61","164.53K","-0.70%"
"Oct 01, 2020","867.58","859.27","868.30","859.27","106.52K","1.05%"
"Sep 30, 2020","858.54","856.20","860.10","852.54","104.92K","0.27%"
"Sep 29, 2020","856.20","863.59","871.99","856.20","135.08K","-0.82%"
"Sep 28, 2020","863.31","854.84","863.98","854.84","134.68K","1.01%"
"Sep 25, 2020","854.71","853.19","856.79","850.10","105.36K","0.18%"
"Sep 24, 2020","853.21","858.14","858.89","852.29","90.21K","-0.59%"
"Sep 23, 2020","858.30","852.88","860.34","852.88","111.92K","0.65%"
"Sep 22, 2020","852.72","851.54","854.69","846.03","130.39K","0.14%"
"Sep 21, 2020","851.54","841.28","852.65","841.28","106.12K","1.22%"
"Sep 18, 2020","841.26","831.84","842.10","831.84","94.17K","1.13%"
"Sep 17, 2020","831.84","834.60","837.76","829.08","96.61K","-0.32%"
"Sep 16, 2020","834.50","833.31","834.52","831.33","54.11K","0.14%"
"Sep 15, 2020","833.33","832.27","835.42","831.13","87.51K","0.13%"
"Sep 14, 2020","832.24","825.69","833.09","825.69","65.50K","0.81%"
"Sep 11, 2020","825.56","825.81","827.83","821.97","64.10K","-0.04%"
"Sep 10, 2020","825.85","824.42","832.61","824.42","67.66K","0.17%"
"Sep 09, 2020","824.42","827.50","828.38","816.51","82.99K","-0.38%"
"Sep 08, 2020","827.57","824.62","829.22","819.02","81.33K","0.39%"
"Sep 07, 2020","824.36","840.64","843.80","824.36","98.25K","-1.92%"
"Sep 04, 2020","840.54","843.22","843.22","833.54","103.34K","-0.37%"
"Sep 03, 2020","843.64","832.27","844.27","832.27","104.71K","1.40%"
"Sep 01, 2020","832.03","823.93","832.87","821.74","78.82K","0.98%"
"Aug 31, 2020","823.93","822.01","831.76","820.66","82.42K","0.24%"
"Aug 28, 2020","821.93","814.55","828.88","814.55","102.83K","0.91%"
"Aug 27, 2020","814.55","812.47","814.64","810.68","72.35K","0.27%"
"Aug 26, 2020","812.36","815.19","816.68","811.45","89.05K","-0.35%"
"Aug 25, 2020","815.18","809.34","818.94","809.34","107.20K","0.68%"
"Aug 24, 2020","809.69","793.46","810.17","793.46","102.48K","2.03%"
"Aug 21, 2020","793.60","786.14","795.05","786.14","78.12K","0.95%"
"Aug 20, 2020","786.11","789.41","793.35","783.57","65.87K","-0.42%"
"Aug 19, 2020","789.41","787.23","791.85","786.01","51.47K","0.31%"
"Aug 18, 2020","786.95","791.60","792.13","784.93","41.66K","-0.58%"
"Aug 17, 2020","791.54","791.89","793.61","782.52","57.17K","-0.06%"
"Aug 14, 2020","791.98","795.13","801.61","789.12","85.64K","-0.39%"
"Aug 13, 2020","795.09","789.26","795.69","789.26","62.11K","0.85%"
"Aug 12, 2020","788.42","784.58","790.01","784.23","71.95K","0.49%"
"Aug 11, 2020","784.57","784.74","788.92","781.04","60.22K","0.03%"
"Aug 10, 2020","784.30","782.50","791.67","782.50","79.38K","0.27%"
"Aug 07, 2020","782.15","781.61","785.99","778.45","68.20K","0.07%"
"Aug 06, 2020","781.60","780.69","787.27","776.04","64.07K","0.11%"
"Aug 05, 2020","780.71","768.22","782.09","761.26","84.98K","1.63%"
"Aug 04, 2020","768.22","759.19","768.46","759.19","62.08K","1.37%"
"Aug 03, 2020","757.86","740.33","758.30","738.64","75.71K","2.31%"
"Jul 31, 2020","740.73","745.33","747.56","731.14","58.08K","-0.71%"
"Jul 30, 2020","746.02","735.30","746.74","735.30","51.15K","1.48%"
"Jul 29, 2020","735.16","755.14","755.14","722.85","95.38K","-2.78%"
"Jul 28, 2020","756.17","730.55","757.50","730.55","106.76K","3.59%"
"Jul 27, 2020","729.93","767.30","767.30","726.02","127.33K","-5.48%"
"Jul 24, 2020","772.29","798.89","798.89","760.56","142.23K","-3.50%"
"Jul 23, 2020","800.29","797.85","800.29","794.59","73.62K","0.31%"
"Jul 22, 2020","797.85","804.26","806.93","797.82","65.22K","-0.85%"
"Jul 21, 2020","804.70","803.55","806.34","799.98","62.63K","0.17%"
"Jul 20, 2020","803.36","814.00","814.00","803.36","69.31K","-1.33%"
"Jul 17, 2020","814.16","819.27","819.27","812.61","65.44K","-0.69%"
"Jul 16, 2020","819.83","810.16","819.83","809.41","64.52K","1.19%"
"Jul 15, 2020","810.16","805.38","815.09","805.38","53.47K","0.59%"
"Jul 14, 2020","805.37","805.21","805.92","798.21","60.12K","-0.10%"
"Jul 13, 2020","806.17","809.03","814.35","802.50","65.61K","-0.35%"
"Jul 10, 2020","809.02","816.76","817.67","806.67","71.22K","-0.99%"
"Jul 09, 2020","817.08","805.12","819.45","805.12","81.03K","1.49%"
"Jul 08, 2020","805.06","805.67","807.09","801.57","52.13K","-0.08%"
"Jul 07, 2020","805.68","803.61","812.48","803.61","87.36K","0.28%"
"Jul 06, 2020","803.46","790.08","803.76","790.08","74.21K","1.72%"
"Jul 03, 2020","789.87","785.81","790.30","785.81","43.30K","0.54%"
"Jul 02, 2020","785.59","786.82","788.88","781.45","54.06K","-0.16%"
"Jul 01, 2020","786.82","770.23","787.38","770.02","56.96K","2.11%"
"Jun 30, 2020","770.53","774.84","784.44","765.62","74.26K","-0.55%"
"Jun 29, 2020","774.81","795.11","795.11","768.99","97.11K","-2.60%"
"Jun 26, 2020","795.53","796.70","803.88","793.08","53.64K","-0.12%"
"Jun 25, 2020","796.51","801.29","801.29","791.38","74.55K","-0.64%"
"Jun 24, 2020","801.62","807.90","813.47","799.35","74.69K","-0.74%"
"Jun 23, 2020","807.61","809.53","812.24","803.96","95.81K","-0.29%"
"Jun 22, 2020","809.97","808.58","812.99","805.24","68.48K","0.21%"
"Jun 19, 2020","808.28","797.21","808.28","797.03","81.05K","1.41%"
"Jun 18, 2020","797.08","795.84","800.03","788.72","58.89K","0.08%"
"Jun 17, 2020","796.43","798.82","802.06","793.20","76.20K","-0.30%"
"Jun 16, 2020","798.82","779.80","801.42","779.80","84.86K","2.58%"
"Jun 15, 2020","778.71","808.58","813.59","778.71","141.90K","-3.60%"
"Jun 12, 2020","807.76","803.11","807.76","782.70","183.06K","0.11%"
"Jun 11, 2020","806.87","839.11","842.76","806.64","191.85K","-3.84%"
"Jun 10, 2020","839.11","836.80","842.21","827.60","164.04K","0.25%"
"Jun 09, 2020","837.02","839.19","843.58","836.13","152.49K","-0.18%"
"Jun 08, 2020","838.52","826.79","845.63","826.79","155.92K","1.46%"
"Jun 05, 2020","826.47","823.46","826.47","818.33","147.69K","0.33%"
"Jun 04, 2020","823.77","824.30","831.49","823.51","135.47K","-0.06%"
"Jun 03, 2020","824.29","819.02","824.54","818.33","89.26K","0.68%"
"Jun 02, 2020","818.70","821.89","827.11","818.12","147.39K","-0.34%"
"Jun 01, 2020","821.47","806.44","821.47","806.44","176.78K","1.89%"
"May 29, 2020","806.23","804.00","808.83","801.46","76.81K","0.27%"
"May 28, 2020","804.06","801.38","810.43","800.16","91.47K","0.34%"
"May 27, 2020","801.36","816.04","821.36","801.36","119.12K","-1.67%"
"May 26, 2020","815.01","807.55","815.96","807.55","101.93K","0.96%"
"May 25, 2020","807.25","803.35","809.12","799.23","81.74K","0.51%"
"May 22, 2020","803.14","815.51","815.51","802.82","95.16K","-1.52%"
"May 21, 2020","815.55","803.57","815.55","802.49","134.97K","1.52%"
"May 20, 2020","803.32","799.28","803.35","793.75","97.44K","0.50%"
"May 19, 2020","799.31","787.53","808.17","787.53","119.34K","1.53%"
"May 18, 2020","787.27","773.95","787.27","770.61","81.99K","1.72%"
"May 15, 2020","773.95","780.73","785.26","771.25","80.44K","-0.87%"
"May 14, 2020","780.73","783.69","785.10","773.62","86.24K","-0.38%"
"May 13, 2020","783.69","781.85","788.06","760.20","122.45K","0.16%"
"May 12, 2020","782.45","777.35","783.77","766.70","104.56K","0.68%"
"May 11, 2020","777.13","760.86","777.13","760.66","107.52K","2.23%"
"May 08, 2020","760.15","740.14","773.22","740.14","146.26K","2.73%"
"May 07, 2020","739.98","726.17","739.98","726.17","82.60K","1.93%"
"May 06, 2020","725.94","711.34","725.94","709.77","77.21K","2.10%"
"May 05, 2020","711.01","710.22","714.59","707.49","48.70K","0.23%"
"May 04, 2020","709.35","714.90","716.05","706.47","65.87K","-0.84%"
"Apr 29, 2020","715.33","715.74","719.18","713.62","69.76K","-0.06%"
"Apr 28, 2020","715.74","719.45","721.73","711.84","64.78K","-0.54%"
"Apr 27, 2020","719.66","724.76","735.28","719.66","81.80K","-0.74%"
"Apr 24, 2020","725.05","717.49","725.52","711.14","64.55K","1.05%"
"Apr 23, 2020","717.49","715.62","729.99","715.62","63.43K","0.43%"
"Apr 22, 2020","714.42","706.54","718.62","692.03","86.11K","1.10%"
"Apr 21, 2020","706.65","734.14","734.14","702.61","128.95K","-4.03%"
"Apr 20, 2020","736.31","736.10","742.27","729.52","99.01K","0.18%"
"Apr 17, 2020","734.98","727.51","736.17","727.51","100.57K","1.16%"
"Apr 16, 2020","726.57","721.73","726.71","714.52","72.70K","0.52%"
"Apr 15, 2020","722.80","714.39","726.20","714.39","91.99K","1.26%"
"Apr 14, 2020","713.81","706.37","713.81","699.03","94.92K","1.05%"
"Apr 13, 2020","706.37","695.84","714.58","695.84","82.30K","1.53%"
"Apr 10, 2020","695.74","697.90","701.77","687.18","146.87K","-0.30%"
"Apr 09, 2020","697.85","691.17","704.18","691.17","111.27K","0.97%"
"Apr 08, 2020","691.17","693.66","693.66","675.26","76.67K","-0.35%"
"Apr 07, 2020","693.61","682.65","695.45","677.03","117.08K","1.61%"
"Apr 06, 2020","682.65","649.15","682.65","649.15","127.16K","5.16%"
"Apr 03, 2020","649.15","630.37","649.15","630.37","84.13K","3.24%"
"Apr 01, 2020","628.79","609.35","631.60","606.03","73.25K","2.95%"
"Mar 31, 2020","610.76","613.33","629.08","598.60","77.47K","-0.37%"
"Mar 30, 2020","613.02","641.92","641.92","605.00","81.04K","-4.55%"
"Mar 27, 2020","642.23","646.61","649.17","633.41","102.65K","-0.69%"
"Mar 26, 2020","646.70","651.94","655.06","639.02","74.10K","-0.86%"
"Mar 25, 2020","652.31","625.83","652.31","625.83","86.27K","4.30%"
"Mar 24, 2020","625.43","632.63","633.97","619.07","85.90K","-1.17%"
"Mar 23, 2020","632.86","671.05","671.05","628.46","81.06K","-6.06%"
"Mar 20, 2020","673.70","679.78","683.55","668.90","81.17K","-0.86%"
"Mar 19, 2020","679.55","699.35","699.35","669.04","73.19K","-3.01%"
"Mar 18, 2020","700.65","699.73","705.30","695.42","77.44K","0.13%"
"Mar 17, 2020","699.73","698.00","702.36","673.21","80.44K","0.22%"
"Mar 16, 2020","698.18","716.65","716.65","688.80","74.03K","-2.58%"
"Mar 13, 2020","716.65","715.34","722.30","674.36","113.47K","-0.36%"
"Mar 12, 2020","719.21","757.90","757.90","710.33","113.24K","-5.14%"
"Mar 11, 2020","758.16","789.75","795.98","746.83","99.25K","-3.97%"
"Mar 10, 2020","789.51","782.85","794.88","762.34","90.06K","0.85%"
"Mar 09, 2020","782.85","835.65","835.65","781.12","107.13K","-6.35%"
"Mar 06, 2020","835.97","838.77","838.77","827.12","53.91K","-0.38%"
"Mar 05, 2020","839.12","838.93","846.58","836.32","67.02K","0.13%"
"Mar 04, 2020","837.99","838.02","839.26","831.20","52.99K","0.00%"
"Mar 03, 2020","837.99","835.14","846.21","835.14","64.18K","0.31%"
"Mar 02, 2020","835.42","831.25","837.99","827.23","69.31K","0.41%"
"Feb 28, 2020","831.97","844.02","844.02","823.09","69.89K","-1.93%"
"Feb 27, 2020","848.34","841.19","849.18","836.56","55.42K","0.79%"
"Feb 26, 2020","841.68","849.56","849.56","837.52","54.64K","-0.93%"
"Feb 25, 2020","849.58","836.54","849.58","827.81","69.29K","1.45%"
"Feb 24, 2020","837.40","867.56","867.56","837.40","95.17K","-3.62%"
"Feb 21, 2020","868.89","871.49","877.52","868.59","66.76K","-0.29%"
"Feb 20, 2020","871.40","864.00","872.86","864.00","59.01K","0.88%"
"Feb 19, 2020","863.84","860.23","865.40","859.65","52.57K","0.25%"
"Feb 18, 2020","861.71","866.06","866.61","858.61","60.23K","-0.53%"
"Feb 17, 2020","866.27","865.83","867.45","862.75","58.44K","0.05%"
"Feb 14, 2020","865.86","865.03","868.84","863.14","74.65K","0.20%"
"Feb 13, 2020","864.16","862.72","864.79","858.46","58.43K","0.11%"
"Feb 12, 2020","863.23","856.64","870.10","856.64","80.78K","0.80%"
"Feb 11, 2020","856.39","853.09","859.38","853.09","70.07K","0.41%"
"Feb 10, 2020","852.87","863.28","863.28","848.21","46.86K","-1.23%"
"Feb 07, 2020","863.49","862.71","865.91","858.02","72.83K","0.07%"
"Feb 06, 2020","862.86","845.38","862.86","842.68","97.62K","2.08%"
"Feb 05, 2020","845.31","845.65","854.72","840.41","63.59K","-0.02%"
"Feb 04, 2020","845.52","842.79","849.80","833.93","73.13K","0.34%"
"Feb 03, 2020","842.67","848.42","848.42","803.73","91.77K","-0.70%"
"Jan 31, 2020","848.63","875.43","876.59","848.63","83.27K","-3.10%"
"Jan 30, 2020","875.82","908.20","908.20","870.53","80.14K","-3.66%"
"Jan 22, 2020","909.09","906.52","909.41","903.27","51.71K","0.28%"
"Jan 21, 2020","906.52","897.97","907.51","897.97","57.33K","1.02%"
"Jan 20, 2020","897.40","894.60","897.40","891.75","39.72K","0.29%"
"Jan 17, 2020","894.84","891.66","897.63","891.36","48.88K","0.32%"
"Jan 16, 2020","891.96","885.36","892.20","883.83","63.48K","0.75%"
"Jan 15, 2020","885.36","884.95","886.33","882.79","35.67K","0.07%"
"Jan 14, 2020","884.77","881.77","886.83","880.58","50.68K","0.34%"
"Jan 13, 2020","881.79","885.52","885.52","881.35","32.55K","-0.42%"
"Jan 10, 2020","885.52","877.85","888.09","877.70","72.86K","0.88%"
"Jan 09, 2020","877.76","867.27","878.43","867.27","45.71K","1.45%"
"Jan 08, 2020","865.18","876.64","876.64","861.51","53.10K","-1.31%"
"Jan 07, 2020","876.70","872.32","877.34","870.49","40.28K","0.50%"
"Jan 06, 2020","872.34","882.51","882.51","872.34","36.87K","-1.24%"
"Jan 03, 2020","883.28","887.11","890.38","883.18","43.22K","-0.41%"
"Jan 02, 2020","886.88","879.02","886.88","876.87","50.39K","0.89%"
"Dec 31, 2019","879.06","880.42","881.98","876.66","44.43K","-0.14%"
"Dec 30, 2019","880.29","876.61","881.27","876.13","33.52K","0.45%"
"Dec 27, 2019","876.38","872.11","876.38","867.95","26.81K","0.49%"
"Dec 26, 2019","872.07","873.17","874.87","869.57","40.38K","-0.13%"
"Dec 25, 2019","873.18","869.93","874.93","869.22","53.69K","0.38%"
"Dec 24, 2019","869.88","868.14","869.90","864.86","57.93K","0.19%"
"Dec 23, 2019","868.20","868.37","872.75","867.92","72.19K","-0.02%"
"Dec 20, 2019","868.37","862.23","869.52","862.23","69.39K","0.71%"
"Dec 19, 2019","862.23","863.16","867.25","858.76","68.01K","-0.11%"
"Dec 18, 2019","863.16","866.61","867.69","861.05","69.57K","-0.49%"
"Dec 17, 2019","867.44","876.50","877.63","867.13","72.41K","-1.05%"
"Dec 16, 2019","876.65","880.55","880.55","874.06","67.01K","-0.44%"
"Dec 13, 2019","880.55","884.98","888.53","880.55","65.82K","-0.48%"
"Dec 12, 2019","884.80","878.27","885.73","878.27","57.45K","0.74%"
"Dec 11, 2019","878.27","873.38","878.27","869.15","66.72K","0.59%"
"Dec 10, 2019","873.16","879.95","880.22","870.25","72.50K","-0.77%"
"Dec 09, 2019","879.94","880.39","882.58","876.01","64.15K","-0.06%"
"Dec 06, 2019","880.43","878.28","882.59","875.99","60.75K","0.13%"
"Dec 05, 2019","879.32","883.33","886.36","878.39","61.68K","-0.48%"
"Dec 04, 2019","883.56","868.79","883.56","865.31","74.53K","1.71%"
"Dec 03, 2019","868.68","874.90","877.96","865.74","77.47K","-0.73%"
"Dec 02, 2019","875.10","887.47","889.47","875.10","76.46K","-1.39%"
"Nov 29, 2019","887.47","885.90","888.41","882.68","60.33K","0.20%"
"Nov 28, 2019","885.70","894.45","895.42","883.16","69.37K","-1.05%"
"Nov 27, 2019","895.06","898.58","901.10","894.80","58.43K","-0.27%"
"Nov 26, 2019","897.50","895.36","900.72","895.36","68.55K","0.30%"
"Nov 25, 2019","894.80","892.31","896.43","886.81","63.82K","0.28%"
"Nov 22, 2019","892.31","898.93","906.93","885.83","82.10K","-0.66%"
"Nov 21, 2019","898.23","917.00","917.06","898.23","83.04K","-2.05%"
"Nov 20, 2019","917.00","925.94","926.67","917.00","72.57K","-0.98%"
"Nov 19, 2019","926.07","921.00","926.07","919.95","63.69K","0.56%"
"Nov 18, 2019","920.95","927.49","929.18","920.52","69.84K","-0.69%"
"Nov 15, 2019","927.36","928.82","930.84","922.59","66.13K","-0.12%"
"Nov 14, 2019","928.44","932.45","935.72","927.14","78.62K","-0.45%"
"Nov 13, 2019","932.60","939.82","941.13","930.84","76.76K","-0.77%"
"Nov 12, 2019","939.82","939.72","942.55","937.95","66.25K","0.01%"
"Nov 11, 2019","939.72","944.72","946.55","938.78","80.10K","-0.53%"
"Nov 08, 2019","944.70","944.28","948.37","942.19","74.21K","0.05%"
"Nov 07, 2019","944.25","942.38","945.26","940.23","76.23K","0.20%"
"Nov 06, 2019","942.38","942.40","945.43","940.76","75.02K","0.00%"
"Nov 05, 2019","942.34","940.53","944.62","938.73","71.49K","0.22%"
"Nov 04, 2019","940.25","933.96","941.46","932.31","87.34K","0.72%"
"Nov 01, 2019","933.55","922.46","934.21","922.46","76.84K","1.18%"
"Oct 31, 2019","922.68","925.02","928.88","922.06","63.15K","-0.26%"
"Oct 30, 2019","925.07","923.98","928.85","922.67","56.67K","0.12%"
"Oct 29, 2019","923.97","925.67","928.38","923.97","59.00K","-0.22%"
"Oct 28, 2019","925.97","927.96","929.93","925.80","60.01K","-0.12%"
"Oct 25, 2019","927.05","925.49","927.05","923.56","56.30K","0.19%"
"Oct 24, 2019","925.25","919.54","925.25","919.17","59.25K","0.61%"
"Oct 23, 2019","919.61","916.81","919.61","915.87","55.20K","0.31%"
"Oct 22, 2019","916.81","914.04","917.61","912.70","59.08K","0.31%"
"Oct 21, 2019","914.00","918.02","918.81","913.94","63.51K","-0.56%"
"Oct 18, 2019","919.13","919.92","922.62","916.87","57.61K","0.00%"
"Oct 17, 2019","919.10","924.53","924.79","919.10","65.01K","-0.60%"
"Oct 16, 2019","924.64","923.26","927.91","923.26","55.09K","0.15%"
"Oct 15, 2019","923.27","921.95","924.79","920.63","55.00K","0.15%"
"Oct 14, 2019","921.91","916.81","924.69","916.81","81.66K","0.57%"
"Oct 11, 2019","916.68","913.05","917.14","912.94","61.85K","0.40%"
"Oct 10, 2019","913.05","914.59","917.08","912.20","54.84K","-0.16%"
"Oct 09, 2019","914.54","915.38","917.90","912.48","62.57K","-0.08%"
"Oct 08, 2019","915.27","907.06","915.34","906.88","65.24K","0.86%"
"Oct 07, 2019","907.50","915.62","917.36","907.50","60.84K","-0.84%"
"Oct 04, 2019","915.16","921.70","924.36","915.16","62.01K","-0.71%"
"Oct 03, 2019","921.70","919.63","921.70","911.60","63.66K","0.21%"
"Oct 02, 2019","919.73","926.44","927.43","917.68","69.14K","-0.71%"
"Oct 01, 2019","926.31","922.87","926.31","921.69","59.81K","0.37%"
"Sep 30, 2019","922.89","924.83","930.88","922.62","63.29K","-0.21%"
"Sep 27, 2019","924.83","918.10","925.58","917.72","64.12K","0.73%"
"Sep 26, 2019","918.10","912.91","918.10","911.57","61.82K","0.62%"
"Sep 25, 2019","912.42","910.57","913.33","906.60","51.19K","0.18%"
"Sep 24, 2019","910.76","909.98","914.02","908.03","50.42K","0.09%"
"Sep 23, 2019","909.98","914.73","918.42","909.98","63.69K","-0.57%"
"Sep 20, 2019","915.16","918.88","920.77","914.55","72.09K","-0.40%"
"Sep 19, 2019","918.88","913.40","918.88","909.88","57.54K","0.59%"
"Sep 18, 2019","913.48","912.42","915.09","911.08","64.92K","0.12%"
"Sep 17, 2019","912.38","908.60","912.89","904.36","49.77K","0.42%"
"Sep 16, 2019","908.60","905.00","909.70","902.82","52.50K","0.39%"
"Sep 13, 2019","905.05","894.21","905.31","893.80","67.62K","1.20%"
"Sep 12, 2019","894.32","886.12","894.32","886.12","48.19K","0.99%"
"Sep 11, 2019","885.52","882.90","886.12","881.34","34.85K","0.28%"
"Sep 10, 2019","883.04","885.84","888.57","881.04","46.27K","-0.29%"
"Sep 09, 2019","885.61","885.95","887.01","883.43","37.16K","-0.04%"
"Sep 06, 2019","885.95","885.93","889.49","884.90","40.54K","-0.02%"
"Sep 05, 2019","886.10","887.21","891.43","886.10","42.08K","-0.11%"
"Sep 04, 2019","887.12","888.95","890.31","883.91","41.24K","-0.21%"
"Sep 03, 2019","888.97","892.83","894.11","886.02","45.77K","-0.40%"
"Aug 30, 2019","892.51","888.94","893.57","888.83","40.84K","0.38%"
"Aug 29, 2019","889.13","886.04","889.13","882.14","42.61K","0.34%"
"Aug 28, 2019","886.08","886.82","890.58","885.23","41.62K","-0.09%"
"Aug 27, 2019","886.91","892.48","899.29","886.91","59.29K","-0.62%"
"Aug 26, 2019","892.48","899.10","899.10","887.05","65.31K","-0.89%"
"Aug 23, 2019","900.53","901.53","902.50","896.87","49.59K","-0.08%"
"Aug 22, 2019","901.29","901.28","904.41","899.58","46.93K","0.08%"
"Aug 21, 2019","900.54","894.45","901.25","892.05","56.16K","0.68%"
"Aug 20, 2019","894.45","891.73","894.86","890.96","41.24K","0.30%"
"Aug 19, 2019","891.78","892.32","897.03","889.34","39.31K","-0.07%"
"Aug 16, 2019","892.44","890.39","900.31","886.87","70.25K","0.19%"
"Aug 15, 2019","890.78","874.42","890.78","867.95","50.40K","1.17%"
"Aug 14, 2019","880.51","880.04","886.80","880.04","44.30K","0.29%"
"Aug 13, 2019","877.97","882.23","882.23","875.32","59.07K","-0.48%"
"Aug 12, 2019","882.23","878.56","883.41","877.33","44.75K","0.41%"
"Aug 09, 2019","878.62","875.81","880.29","874.51","46.67K","0.32%"
"Aug 08, 2019","875.81","868.20","877.32","866.69","58.88K","0.87%"
"Aug 07, 2019","868.27","866.13","872.05","863.57","40.02K","0.25%"
"Aug 06, 2019","866.13","870.82","870.82","858.02","52.91K","-0.72%"
"Aug 05, 2019","872.39","883.34","884.09","872.39","53.47K","-1.46%"
"Aug 02, 2019","885.29","887.06","887.06","877.76","54.74K","-0.24%"
"Aug 01, 2019","887.39","884.29","887.39","881.52","41.76K","0.48%"
"Jul 31, 2019","883.19","877.80","885.86","874.39","43.40K","0.60%"
"Jul 30, 2019","877.92","888.70","892.38","877.92","44.93K","-1.20%"
"Jul 29, 2019","888.54","887.96","889.97","880.92","44.92K","0.08%"
"Jul 26, 2019","887.84","890.44","891.90","886.09","45.31K","-0.29%"
"Jul 25, 2019","890.41","887.43","892.31","885.19","54.56K","0.34%"
"Jul 24, 2019","887.39","888.63","892.81","885.66","46.41K","-0.10%"
"Jul 23, 2019","888.26","879.42","889.04","878.22","48.22K","0.98%"
"Jul 22, 2019","879.62","880.49","885.42","878.39","48.84K","-0.13%"
"Jul 19, 2019","880.79","870.97","881.16","870.97","63.93K","1.15%"
"Jul 18, 2019","870.81","879.66","879.66","870.81","44.97K","-1.02%"
"Jul 17, 2019","879.75","880.69","882.85","877.59","59.85K","-0.13%"
"Jul 16, 2019","880.91","873.74","880.91","873.74","48.67K","0.82%"
"Jul 15, 2019","873.71","875.28","876.82","870.84","42.05K","-0.15%"
"Jul 12, 2019","874.99","880.06","883.15","874.56","46.83K","-0.47%"
"Jul 11, 2019","879.10","876.12","880.88","876.12","39.21K","0.34%"
"Jul 10, 2019","876.12","872.21","878.32","872.20","41.86K","0.45%"
"Jul 09, 2019","872.21","871.19","872.52","866.32","41.06K","0.15%"
"Jul 08, 2019","870.92","878.96","878.96","867.35","44.40K","-1.06%"
"Jul 05, 2019","880.23","879.49","882.19","876.28","41.27K","0.06%"
"Jul 04, 2019","879.72","869.58","879.72","869.58","49.31K","1.17%"
"Jul 03, 2019","869.58","872.92","872.92","865.59","42.59K","-0.38%"
"Jul 02, 2019","872.92","876.27","877.08","870.71","38.74K","-0.38%"
"Jul 01, 2019","876.26","864.24","876.39","864.24","49.23K","1.39%"
"Jun 28, 2019","864.24","854.49","864.24","847.77","43.76K","1.15%"
"Jun 27, 2019","854.41","866.84","867.08","854.41","44.97K","-1.43%"
"Jun 26, 2019","866.81","868.16","870.52","865.67","41.57K","-0.19%"
"Jun 25, 2019","868.50","867.73","870.37","866.25","38.48K","-0.05%"
"Jun 24, 2019","868.94","866.63","873.33","866.63","40.70K","0.28%"
"Jun 21, 2019","866.53","864.59","870.35","864.44","72.30K","0.22%"
"Jun 20, 2019","864.59","854.90","867.91","853.96","53.36K","1.20%"
"Jun 19, 2019","854.34","850.34","854.81","850.34","39.85K","0.73%"
"Jun 18, 2019","848.17","852.62","853.95","845.40","43.00K","-0.57%"
"Jun 17, 2019","852.99","861.37","862.36","851.14","40.07K","-1.01%"
"Jun 14, 2019","861.65","859.53","864.29","859.08","34.40K","0.23%"
"Jun 13, 2019","859.68","865.29","865.29","857.72","32.32K","-0.66%"
"Jun 12, 2019","865.42","870.48","871.64","865.42","32.45K","-0.63%"
"Jun 11, 2019","870.91","872.49","874.32","870.00","29.46K","-0.18%"
"Jun 10, 2019","872.49","869.68","877.45","866.79","44.47K","0.34%"
"Jun 07, 2019","869.56","860.64","869.56","860.64","33.45K","0.96%"
"Jun 06, 2019","861.31","863.81","865.16","851.47","38.24K","-0.28%"
"Jun 05, 2019","863.69","866.79","871.91","863.69","27.11K","-0.08%"
"Jun 04, 2019","864.35","864.27","868.67","857.94","32.53K","0.03%"
"Jun 03, 2019","864.08","875.64","875.64","858.64","51.47K","-1.39%"
"May 31, 2019","876.29","883.39","884.75","875.77","34.30K","-0.80%"
"May 30, 2019","883.37","883.51","888.68","879.58","29.87K","-0.02%"
"May 29, 2019","883.52","886.12","886.98","882.00","33.83K","-0.20%"
"May 28, 2019","885.27","888.80","891.61","883.53","30.93K","-0.44%"
"May 27, 2019","889.20","884.29","889.45","883.95","29.66K","0.53%"
"May 24, 2019","884.48","894.22","898.24","884.48","44.87K","-1.18%"
"May 23, 2019","895.07","897.66","899.02","892.08","30.51K","-0.29%"
"May 22, 2019","897.66","901.49","906.99","897.27","43.39K","-0.41%"
"May 21, 2019","901.36","901.79","907.64","900.97","43.01K","0.03%"
"May 20, 2019","901.06","890.16","901.06","888.12","42.54K","1.18%"
"May 17, 2019","890.53","892.93","893.44","888.56","40.03K","-0.16%"
"May 16, 2019","891.93","893.70","896.34","891.93","39.25K","-0.14%"
"May 15, 2019","893.22","882.99","893.68","882.99","46.18K","1.20%"
"May 14, 2019","882.67","879.14","882.67","871.96","39.07K","0.34%"
"May 13, 2019","879.64","876.16","879.64","874.68","37.92K","0.36%"
"May 10, 2019","876.45","871.28","877.59","871.28","34.86K","0.57%"
"May 09, 2019","871.50","872.71","875.89","868.73","39.32K","-0.15%"
"May 08, 2019","872.78","872.22","874.89","867.18","38.55K","-0.48%"
"May 07, 2019","877.02","880.06","885.23","876.18","36.43K","-0.20%"
"May 06, 2019","878.80","893.83","893.83","875.71","41.22K","-1.86%"
"May 03, 2019","895.42","893.80","895.70","889.20","47.86K","0.17%"
"May 02, 2019","893.87","890.60","893.89","889.61","36.44K","0.37%"
"Apr 26, 2019","890.55","885.47","890.69","882.58","34.57K","0.55%"
"Apr 25, 2019","885.65","888.57","888.91","883.72","29.18K","-0.34%"
"Apr 24, 2019","888.65","877.97","889.02","877.97","35.01K","1.18%"
"Apr 23, 2019","878.29","878.38","881.67","875.05","37.90K","0.01%"
"Apr 22, 2019","878.23","880.90","880.90","873.55","34.29K","-0.26%"
"Apr 19, 2019","880.52","877.07","884.77","877.07","26.15K","0.40%"
"Apr 18, 2019","877.02","884.29","887.48","876.20","39.36K","-0.98%"
"Apr 17, 2019","885.66","886.65","891.78","885.64","34.64K","-0.24%"
"Apr 16, 2019","887.76","890.81","890.81","877.38","36.54K","-0.60%"
"Apr 12, 2019","893.10","895.95","895.95","891.71","27.81K","-0.33%"
"Apr 11, 2019","896.04","893.60","896.68","892.62","24.75K","0.32%"
"Apr 10, 2019","893.19","899.91","899.91","887.75","34.64K","-0.76%"
"Apr 09, 2019","900.07","906.46","908.94","898.80","42.51K","-0.71%"
"Apr 08, 2019","906.55","904.92","907.20","900.97","33.28K","0.21%"
"Apr 05, 2019","904.69","904.33","905.76","902.77","30.17K","0.04%"
"Apr 04, 2019","904.33","901.50","906.29","900.97","32.08K","0.31%"
"Apr 03, 2019","901.50","903.59","903.59","897.47","34.51K","-0.23%"
"Apr 02, 2019","903.59","907.18","912.94","902.43","35.22K","-0.25%"
"Apr 01, 2019","905.87","900.17","905.94","900.17","40.15K","0.64%"
"Mar 29, 2019","900.13","901.65","906.84","900.13","45.01K","-0.17%"
"Mar 28, 2019","901.65","901.51","903.88","898.17","31.10K","-0.01%"
"Mar 27, 2019","901.76","895.71","903.35","895.71","32.70K","0.80%"
"Mar 26, 2019","894.58","893.78","901.81","892.47","38.01K","0.13%"
"Mar 25, 2019","893.40","912.10","912.10","889.17","53.51K","-2.07%"
"Mar 22, 2019","912.27","907.94","914.69","906.64","46.66K","0.48%"
"Mar 21, 2019","907.87","924.22","928.32","907.87","53.92K","-1.76%"
"Mar 20, 2019","924.12","927.54","927.54","914.77","59.41K","-0.37%"
"Mar 19, 2019","927.56","933.56","935.67","924.91","56.48K","-0.56%"
"Mar 18, 2019","932.75","927.16","935.16","926.85","61.80K","0.61%"
"Mar 15, 2019","927.06","934.87","934.87","924.45","72.93K","-0.79%"
"Mar 14, 2019","934.42","935.41","937.82","931.33","51.53K","-0.11%"
"Mar 13, 2019","935.41","929.86","939.17","929.86","72.24K","0.60%"
"Mar 12, 2019","929.86","919.21","929.86","919.21","59.91K","1.49%"
"Mar 11, 2019","916.24","915.00","918.73","911.88","32.01K","0.16%"
"Mar 08, 2019","914.74","922.16","922.16","913.39","41.84K","-0.82%"
"Mar 07, 2019","922.29","923.77","930.79","922.29","51.39K","-0.14%"
"Mar 06, 2019","923.58","923.66","926.32","916.89","36.43K","-0.01%"
"Mar 05, 2019","923.66","928.25","931.23","922.05","56.23K","-0.51%"
"Mar 04, 2019","928.42","915.39","929.28","915.39","51.48K","1.43%"
"Mar 01, 2019","915.32","904.96","915.99","904.96","39.64K","1.14%"
"Feb 28, 2019","904.98","930.37","930.81","904.98","71.56K","-2.75%"
"Feb 27, 2019","930.54","929.51","935.76","928.59","54.96K","0.11%"
"Feb 26, 2019","929.51","939.56","941.45","922.93","58.44K","-1.06%"
"Feb 25, 2019","939.47","929.57","944.01","929.57","68.47K","1.07%"
"Feb 22, 2019","929.50","926.30","934.65","920.78","74.94K","0.37%"
"Feb 21, 2019","926.09","912.83","926.09","911.38","63.25K","1.57%"
"Feb 20, 2019","911.80","907.82","913.51","906.64","53.10K","0.44%"
"Feb 19, 2019","907.82","905.09","915.31","905.09","78.09K","0.32%"
"Feb 18, 2019","904.93","899.75","904.93","899.74","51.22K","0.80%"
"Feb 15, 2019","897.74","900.14","903.11","895.13","50.97K","-0.26%"
"Feb 14, 2019","900.12","897.42","904.11","897.30","50.28K","0.30%"
"Feb 13, 2019","897.42","888.33","897.42","887.60","65.64K","1.02%"
"Feb 12, 2019","888.33","878.69","890.16","878.68","62.16K","1.10%"
"Feb 11, 2019","878.67","862.20","878.67","862.20","39.94K","2.19%"
"Feb 01, 2019","859.81","866.01","868.15","859.38","41.90K","-0.72%"
"Jan 31, 2019","866.06","869.38","874.09","863.85","46.95K","-0.36%"
"Jan 30, 2019","869.16","872.01","872.01","867.92","33.26K","-0.33%"
"Jan 29, 2019","872.03","868.81","872.03","863.22","30.05K","0.38%"
"Jan 28, 2019","868.76","867.60","871.56","865.90","24.72K","0.12%"
"Jan 25, 2019","867.70","865.44","869.53","865.44","34.85K","0.25%"
"Jan 24, 2019","865.52","861.63","866.49","861.04","35.10K","0.44%"
"Jan 23, 2019","861.73","859.26","864.83","856.77","35.62K","0.30%"
"Jan 22, 2019","859.17","864.10","865.92","859.09","36.10K","-0.57%"
"Jan 21, 2019","864.10","855.00","865.59","855.00","46.18K","1.09%"
"Jan 18, 2019","854.79","853.34","859.95","853.34","28.30K","0.17%"
"Jan 17, 2019","853.34","864.15","864.15","853.34","31.74K","-1.27%"
"Jan 16, 2019","864.29","865.00","868.41","861.18","33.03K","-0.09%"
"Jan 15, 2019","865.10","859.42","865.26","856.04","33.59K","0.66%"
"Jan 14, 2019","859.42","860.40","860.40","854.71","32.41K","-0.10%"
"Jan 11, 2019","860.30","857.84","862.88","857.67","34.66K","0.27%"
"Jan 10, 2019","857.95","855.39","859.93","852.96","32.83K","0.29%"
"Jan 09, 2019","855.51","845.53","856.87","845.25","37.20K","1.19%"
"Jan 08, 2019","845.43","851.20","852.92","841.86","27.92K","-0.70%"
"Jan 07, 2019","851.41","840.17","858.69","840.17","30.67K","1.34%"
"Jan 04, 2019","840.17","838.79","842.05","821.83","37.44K","0.16%"
"Jan 03, 2019","838.79","855.66","856.21","834.81","50.05K","-1.97%"
"Jan 02, 2019","855.66","854.99","864.64","852.79","34.10K","0.08%"